iter	Logloss
0	0.3155303924
1	0.1724927166
2	0.09974584235
3	0.05937790526
4	0.03605246987
5	0.02196135075
6	0.01384652855
7	0.008922732853
8	0.005887302768
9	0.00398771664
