iter	Logloss
0	0.3138721937
1	0.1708828317
2	0.09824557479
3	0.05796918265
4	0.03472247277
5	0.02101768122
6	0.01275563108
7	0.0078686059
8	0.004901496808
9	0.003123490797
